INSERT INTO chinook.genre(
	genre_id, name)
	VALUES (1, 'Rock'),
(2, 'Jazz'),
(3, 'Metal'),
(4, 'Alternative & Punk'),
(5, 'Rock And Roll'),
(6, 'Blues'),
(7, 'Latin'),
(8, 'Reggae'),
(9, 'Pop'),
(10, 'Soundtrack'),
(11, 'Bossa Nova'),
(12, 'Easy Listening'),
(13, 'Heavy Metal'),
(14, 'R&B/Soul'),
(15, 'Electronica/Dance'),
(16, 'World'),
(17, 'Hip Hop/Rap'),
(18, 'Science Fiction'),
(19, 'TV Shows'),
(20, 'Sci Fi & Fantasy'),
(21, 'Drama'),
(22, 'Comedy'),
(23, 'Alternative'),
(24, 'Classical'),
(25, 'Opera');

/**************************************************/

INSERT INTO chinook.media_type(
	media_type_id, name)
	VALUES (1, 'MPEG audio file'),
(2, 'Protected AAC audio file'),
(3, 'Protected MPEG-4 video file'),
(4, 'Purchased AAC audio file'),
(5, 'AAC audio file');

/**************************************************/

INSERT INTO chinook.artist(
	artist_id, name)
	VALUES (1, 'Jhon Dow'),
  (2, 'Ice Cube'),
  (3, 'Eminem'),
  (4, 'Alanis Morissette'),
  (5, 'Alice Chinook'),
  (6, 'Antônio Carlos Jobim'),
  (7, 'Apocalyptica'),
  (8, 'Audioslave'),
  (9, 'BackBeat'),
  (10, 'Billy Cobham');


  /**************************************************/

INSERT INTO chinook.album(
	album_id, title, artist_id, sales_years)
	VALUES (1, 'For Those About To Rock We Salute You', 1, 2009),
(2, 'Balls to the Wall', 1, 2010),
(3, 'Restless and Wild', 1, 2011),
(4, 'Let There Be Rock', 1, 2012),
(5, 'Big Ones', 1, 2013),
(6, 'Jagged Little Pill', 2, 2012),
(7, 'Facelift', 2, 2013),
(8, 'Warner 25 Anos', 2, 2014),
(9, 'Plays Metallica By Four Cellos', 2, 2015),
(10, 'Audioslave', 2, 2016),
(11, 'Out Of Exile', 3, 2013),
(12, 'BackBeat Soundtrack', 3, 2014),
(13, 'The Best Of Billy Cobham', 3, 2015),
(14, 'Alcohol Fueled Brewtality Live! [Disc 1]', 4, 2009),
(15, 'Alcohol Fueled Brewtality Live! [Disc 2]', 4, 2010),
(16, 'Black Sabbath', 4, 2011),
(17, 'Black Sabbath Vol. 4 (Remaster)', 4, 2013),
(18, 'Body Count', 5, 2013),
(19, 'Chemical Wedding', 5, 2014),
(20, 'The Best Of Buddy Guy - The Millenium Collection', 5, 2016),
(21, 'Prenda Minha', 6, 2016),
(22, 'Sozinho Remix Ao Vivo', 6, 2017),
(23, 'Minha Historia', 7, 2010),
(24, 'Afrociberdelia', 7, 2011),
(25, 'Da Lama Ao Caos', 7, 2012),
(26, 'Acústico MTV [Live]', 7, 2013),
(27, 'Cidade Negra - Hits', 8, 2012),
(28, 'Na Pista', 8, 2014),
(29, 'Axé Bahia 2001', 8, 2015),
(30, 'BBC Sessions [Disc 1] [Live]', 8, 2016),
(31, 'Bongo Fury', 8, 2017),
(32, 'Carnaval 2001', 9, 2010),
(33, 'Chill: Brazil (Disc 1)', 10, 2015),
(34, 'Chill: Brazil (Disc 2)', 10, 2016),
(35, 'Garage Inc. (Disc 1)', 10, 2017),
(36, 'Greatest Hits II', 10, 2018);


/**************************************************/

INSERT INTO chinook.track(
	track_id, bytes, composer, milliseconds, name, unit_price, album_id, genre_id, media_type_id)
	VALUES (1, 11170334,  'Angus Young, Malcolm Young, Brian Johnson' , 34719, 'For Those About To Rock (We Salute You)',  0.99,  1, 1, 1),
(2, 19180334,  'W. Hoffman' , 34319, 'For Those About To Rock',  0.99,  1, 1, 1),
(3, 11170356,  'W. Hoffman' , 34319, 'Restless and Wild',  0.99,  1, 1, 1),
(4, 11170194,  'Brian Johnson' , 343719, 'Balls to the Wall',  0.99,  2, 25, 4),
(5, 11170334,  'Angus Young, Malcolm Young, Brian Johnson' , 33719, 'Fast As a Shark',  0.99,  2, 4, 4),
(6, 11190334,  'Angus Young' , 343719, 'Malcolm Young, Brian Johnson',  0.99,  2, 1, 1),
(7, 19170334,  'Angus Young, Malcolm Young, Brian Johnson' , 34719, 'Put The Finger On You',  0.99,  3, 2, 2),
(8, 11170334,  'Angus Young, Malcolm Young, Brian Johnson' , 34719, 'Let''s Get It Up',  0.99,  3, 1, 1),
(9, 11173714,  'Angus Young' , 343719, 'Snowballed',  0.99,  3, 1, 1),
(10, 11170334,  'Angus Young, Malcolm Young, Brian Johnson' , 33719, 'Evil Walks',  0.99,  3, 21, 1),
(11, 11371334,  'Brian Johnson' , 343719, 'Breaking The Rules',  0.99,  4, 1, 1),
(12, 11170334,  'Angus Young, Malcolm Young, Brian Johnson' , 34319, 'Night Of The Long Knives',  0.99,  4, 14, 2),
(13, 3717371,  'Angus Young, ' , 343719, 'Spellbound',  0.99,  4, 1, 1),
(14, 11137134,  'Angus Young, Malcolm Young, Brian Johnson' , 34319, 'Go Down',  0.99,  5, 15, 2),
(15, 13713714,  'Malcolm Young, Brian Johnson' , 343719, 'Dog Eat Dog',  0.99,  5, 16, 1),
(16, 111737134,  'Malcolm Young, Brian Johnson' , 34379, 'Let There Be Rock',  0.99,  5, 15, 1),
(17, 13713714,  'Angus Young, Malcolm Young, Brian Johnson' , 343719, 'Bad Boy Boogie',  0.99,  6, 13, 3),
(18, 11170334,  'Angus Young, Malcolm Young' , 343719, 'Problem Child',  0.99,  7, 13, 3),
(19, 1113714,  'Brian Johnson' , 343719, 'Overdose',  0.99,  7, 1, 1),
(20, 111371334,  'Brian Johnson' , 343719, 'Hell Ain''t A Bad Place To Be',  0.99,  7, 14, 4),
(21, 113710334,  'Angus Young' , 343719, 'Whole Lotta Rosie',  0.99,  8, 1, 1),
(22, 1137134,  'Angus Young, Malcolm Young, Brian Johnson' , 343719, 'Walk On Water',  0.99, 8, 14, 4),
(23, 11170334,  'Angus Young, Malcolm Young, Brian Johnson' , 343719, 'Love In An Elevator',  0.99,  8, 13, 2),
(24, 11170334,  'Angus Young, Brian Johnson' , 343719, 'Rag Doll',  0.99,  9, 14, 1),
(25, 11170334,  'Angus Young, Malcolm Young, Brian Johnson' , 343719, 'What It Takes',  0.99,  9, 12, 2),
(26, 11170334,  'Angus Young' , 343719, 'Dude (Looks Like A Lady)',  0.99,  9, 16, 1),
(27, 11170334,  'Angus Young' , 343719, 'Janie''s Got A Gun',  0.99,  10, 17, 1),
(28, 11170334,  'Angus Young' , 343719, 'Cryin',  0.99,  10, 17, 1),
(29, 11170334,  'Angus Young, Malcolm Young, Brian Johnson' , 34719, 'Amazing',  0.99,  10, 18, 1),
(30, 113714,  'Angus Young, Malcolm Young, Brian Johnson' , 34379, 'Blind Man',  0.99,  11, 19, 1),
(31, 11170334,  'Brian Johnson' , 343719, 'Deuces Are Wild',  0.99,  11, 20, 2),
(32, 1137134,  'Malcolm Young, Brian Johnson' , 343719, 'The Other Side',  0.99,  11, 20, 2),
(33, 11137134,  'Brian Johnson' , 343719, 'Crazy',  0.99,  12, 4, 4),
(34, 11137134,  'Malcolm Young, Brian Johnson' , 34319, 'Eat The Rich',  0.99,  13, 14, 4),
(35, 11137134,  'Angus Young, Malcolm Young, Brian Johnson' , 34719, 'Angel',  0.99,  14, 3, 3),
(36, 3710334,  'Angus Young, Malcolm Young, Brian Johnson' , 343719, 'Livin',  0.99,  14, 3, 3),
(37, 37134,  'W. Hoffman' , 343719, 'All I Really Want',  0.99,  14, 1, 1),
(38, 1137134,  'Angus Young, Malcolm Young, Brian Johnson' , 343719, 'You Oughta Know',  0.99,  15, 1, 1),
(39, 11371334,  'Angus Young, Malcolm Young, Brian Johnson' , 34319, 'Perfect',  0.99,  15, 13, 1),
(40, 111371,  'Brian Johnson' , 343719, 'Hand In My Pocket',  0.99,  15, 13, 1),
(41, 11371334,  'Angus Young' , 34719, 'Right Through You',  0.99,  16, 13, 1),
(42, 11170334,  'Angus Young, Malcolm Young, Brian Johnson' , 34719, 'Forgiven',  0.99,  16, 15, 1),
(43, 113714,  'W. Hoffman' , 343719, 'You Learn',  0.99,  16, 15, 1),
(44, 11170334,  'Angus Young, Malcolm Young, Brian Johnson' , 343719, 'Head Over Feet',  0.99,  15, 1, 1),
(45, 1113714,  'Angus Young' , 343719, 'Mary Jane',  0.99,  17, 15, 1),
(46, 1113714,  'Angus Young, Malcolm Young, Brian Johnson' , 343719, 'Ironic',  0.99,  17, 15, 1),
(47, 11371334,  'Angus Young, Malcolm Young, Brian Johnson' , 34719, 'Not The Doctor',  0.99,  17, 19, 1),
(48, 13710334,  'Angus Young, Malcolm Young, Brian Johnson' , 34319, 'Wake Up',  0.99,  18, 19, 1),
(49, 11170334,  'W. Hoffman' , 343719, 'You Oughta Know',  0.99,  18, 1, 1),
(50, 11170334,  'Angus Young, Malcolm Young, Brian Johnson' , 34719, 'We Die Young',  0.99,  18, 19, 1),
(51, 11170334,  'W. Hoffman, Malcolm Young, Brian Johnson' , 34719, 'Man In The Box',  0.99,  19, 19, 1),
(52, 113710334,  'Angus Young, Malcolm Young, Brian Johnson' , 34719, 'Sea Of Sorrow',  0.99,  19, 19, 1),
(53, 11170334,  'W. Hoffman' , 343719, 'I Can',  0.99,  19, 1, 1),
(54, 137134,  'Angus Young, Malcolm Young, Brian Johnson' , 343719, 'Bleed The Freak',  0.99,  20, 11, 1),
(55, 1371334,  'Angus Young, Malcolm Young, Brian Johnson' , 343719, 'Love, Hate, Love',  0.99, 20, 11, 1),
(56, 1371334,  'W. Hoffman, Brian Johnson' , 343719, 'Sunshine',  0.99,  20, 1, 1),
(57, 13710334,  'Angus Young, Malcolm Young, Brian Johnson' , 33719, 'Put You Down',  0.99,  21, 11, 1),
(58, 11170371,  'Angus Young, Malcolm Young, W. Hoffman' , 34319, 'Real Thing',  0.99,  21, 11, 1),
(59, 11371334,  'Angus Young' , 343719, 'Desafinado',  0.99,  21, 11, 1),
(60, 11170334,  'Brian Johnson' , 343719, 'Garota De Ipanema',  0.99,  21, 11, 1),
(61, 11170334,  'Angus Young, Malcolm Young, Brian Johnson' , 33719, 'Dindi',  0.99,  22, 1, 1),
(62, 11170334,  'Angus Young, Malcolm Young, Brian Johnson' , 34319, 'Se Todos Fossem Iguais',  0.99,  22, 16, 1),
(63, 11170334,  'W. Hoffman' , 343719, 'Falando De Amor',  0.99, 23, 16, 1),
(64, 11170334,  'Angus Young, Malcolm Young, Brian Johnson' , 343719, 'Angela',  0.99,  24, 16, 1),
(65, 1113714,  'W. Hoffman' , 343719, 'Corcovado',  0.99,  25, 1, 1),
(66, 1137134,  'Angus Young, Malcolm Young, Brian Johnson' , 343719, 'Outra Vez',  0.99,  25, 16, 1),
(67, 1137134,  'Angus Young, Malcolm Young, Brian Johnson' , 343719, 'O Boto',  0.99,  25, 16, 1),
(68, 11170334,  'W. Hoffman' , 343719, 'Canta',  0.99,  25, 1, 1),
(69, 11170334,  'Angus Young, Malcolm Young, Brian Johnson' , 343719, 'Enter Sandma',  0.99, 26, 16, 1),
(70, 11371334,  'Angus Young, Malcolm Young, Brian Johnson' , 3437, 'Master Of Puppets',  0.99,  26, 16, 1),
(71, 11170334,  'W. Hoffman' , 343719, 'Harvester Of Sorrow',  0.99, 26, 16, 1),
(72, 11170334,  'Angus Young, Malcolm Young, Brian Johnson' , 34371, 'Sad But True',  0.99,  27, 16, 1),
(73, 137134,  'Angus Young, Malcolm Young, Brian Johnson' , 43719, 'Creeping Death',  0.99,  27, 16, 1),
(74, 11170334,  'Angus Young, Malcolm Young, Brian Johnson' , 43719, 'Wherever I May Roam',  0.99,  27, 16, 1),
(75, 11170334,  'W. Hoffman' , 343719, 'Welcome Home',  0.99,  28, 16, 1),
(76, 11170334,  'Angus Young, Malcolm Young, Brian Johnson' , 343719, 'Cochise',  0.99,  29, 16, 1),
(77, 11170334,  'Angus Young, Malcolm Young, Brian Johnson' , 343719, 'Show Me How to Live',  0.99,  30, 16, 1),
(78, 11170334,  'W. Hoffman' , 343719, 'Gasoline',  0.99,  31, 1, 1),
(79, 11371334,  'Angus Young, Malcolm Young, Brian Johnson' , 34719, 'What You Are',  0.99,  31, 18, 1),
(80, 11170334,  'Angus Young, Malcolm Young, Brian Johnson' , 33719, 'Like a Stone',  0.99,  31, 18, 1),
(81, 1137134,  'W. Hoffman' , 343719, 'Set It Off',  0.99,  32, 18, 1),
(82, 11170334,  'Angus Young, Malcolm Young, Brian Johnson' , 34719, 'Shadow on the Sun',  0.99,  32, 18, 1),
(83, 1137134,  'Angus Young, Malcolm Young, Brian Johnson' , 34719, 'I am the Highway',  0.99,  32, 18, 1),
(84, 11371334,  'Malcolm Young, Brian Johnson' , 343719, 'Exploder',  0.99,  33, 18, 1),
(85, 11170334,  'Angus Young, Malcolm Young, Brian Johnson' , 343719, 'About To Rock (We Salute You)',  0.99,  33, 18, 1),
(86, 11170371,  'Brian Johnson' , 343719, 'For Those',  0.99,  33, 19, 1),
(87, 11170334,  'Angus Young, Malcolm Young, Brian Johnson' , 34319, 'We Salute You',  0.99,  34, 19, 1),
(88, 11170334,  'Angus Young, Brian Johnson' , 343719, 'For Those the Highway',  0.99,  34, 19, 1),
(89, 11137134,  'Angus Young, Malcolm Young, Brian Johnson' , 34519, 'the Highway To Rock',  0.99,  34, 19, 1),
(90, 11137134,  'W. Hoffman' , 343719, 'We Salute',  0.99,  35, 19, 1),
(91, 11170334,  'Angus Young, Malcolm Young, Brian Johnson' , 34359, 'The Last Remaining Light',  0.99,  35, 19, 1),
(92, 113714,  'Angus Young, Malcolm Young, Brian Johnson' , 34519, 'Out Of Exile',  0.99,  35, 23, 1),
(93, 11170334,  'Angus Young' , 343719, 'Heaven',  0.99,  36, 22, 1),
(94, 1137134,  'Angus Young, Malcolm Young, Brian Johnson' , 34519, 'The Worm',  0.99,  36, 23, 1),
(95, 11170334,  'Angus YoungBrian Johnson' , 343719, 'Man Or Animal',  0.99,  1, 9, 1),
(96, 11170334,  'Angus Young, Malcolm Young, Brian Johnson' , 34519, 'Yesterday To Tomorrow',  0.99,  36, 9, 1),
(97, 1117371,  'W. Hoffman, Malcolm Young, Brian Johnson' , 34349, 'The Curse',  0.99,  36, 8, 1);


/**************************************************/


INSERT INTO chinook.media_type(
	media_type_id, name)
	VALUES (1, 'Music'),
(2, 'Movies'),
(3, 'TV Shows'),
(4, 'Audiobooks'),
(5, '90’s Music'),
(6, 'Audiobooks'),
(7, 'Movies'),
(8, 'Music'),
(9, 'Music Videos'),
(10, 'TV Shows'),
(11, 'Brazilian Music'),
(12, 'Classical'),
(13, 'Classical 101 - Deep Cuts'),
(14, 'Classical 101 - Next Steps'),
(15, 'Classical 101 - The Basics'),
(16, 'Grunge'),
(17, 'Heavy Metal Classic'),
(18, 'On-The-Go 1');